{
    "type": "filament",
    "filament_id": "xxx",
    "setting_id": "xxx",
    "name": "Demo PLA",
    "from": "system",
    "instantiation": "true",
    "filament_max_volumetric_speed": [
        "12"
    ],
    "compatible_printers": [
      "Demo printer 0.4 nozzle"
    ],
    "cool_plate_temp" : [
        "60"
    ],
    "eng_plate_temp" : [
        "60"
    ],
    "hot_plate_temp" : [
        "60"
    ],
    "cool_plate_temp_initial_layer" : [
        "60"
    ],
    "eng_plate_temp_initial_layer" : [
        "60"
    ],
    "hot_plate_temp_initial_layer" : [
        "60"
    ],
    "overhang_fan_threshold": [
        "95%"
    ],
    "overhang_fan_speed": [
        "100"
    ],
    "slow_down_for_layer_cooling": [
        "1"
    ],
    "close_fan_the_first_x_layers": [
        "1"
    ],
    "filament_end_gcode": [
        "; filament end gcode \n;M106 P3 S0\n"
    ],
    "filament_flow_ratio": [
        "1"
    ],
    "reduce_fan_stop_start_freq": [
        "1"
    ],
    "fan_cooling_layer_time": [
        "100"
    ],
    "filament_cost": [
        "0"
    ],
    "filament_density": [
        "0"
    ],
    "filament_deretraction_speed": [
        "nil"
    ],
    "filament_diameter": [
        "1.75"
    ],
    "filament_minimal_purge_on_wipe_tower": [
        "15"
    ],
    "filament_retraction_minimum_travel": [
        "nil"
    ],
    "filament_retract_before_wipe": [
        "nil"
    ],
    "filament_retract_when_changing_layer": [
        "nil"
    ],
    "filament_retraction_length": [
        "nil"
    ],
    "filament_z_hop": [
        "nil"
    ],
    "filament_retract_restart_extra": [
        "nil"
    ],
    "filament_retraction_speed": [
        "nil"
    ],
    "filament_settings_id": [
        ""
    ],
    "filament_soluble": [
        "0"
    ],
    "filament_type": [
        "PLA"
    ],
    "filament_vendor": [
        "Demo"
    ],
    "filament_wipe": [
        "nil"
    ],
    "filament_wipe_distance": [
        "nil"
    ],
    "bed_type": [
        "Cool Plate"
    ],
    "nozzle_temperature_initial_layer": [
        "220"
    ],
    "full_fan_speed_layer": [
        "0"
    ],
    "fan_max_speed": [
        "100"
    ],
    "fan_min_speed": [
        "100"
    ],
    "slow_down_min_speed": [
        "20"
    ],
    "slow_down_layer_time": [
        "4"
    ],
    "filament_start_gcode": [
        "; Filament gcode\n"
    ],
    "nozzle_temperature": [
        "220"
    ],
    "temperature_vitrification": [
        "45"
    ],
    "nozzle_temperature_range_low": [
        "190"
    ],
    "nozzle_temperature_range_high": [
        "230"
    ],
    "additional_cooling_fan_speed": [
        "0"
    ]
}
