{
    "type": "process",
    "name": "fdm_process_demo_0.20",
    "from": "system",
    "instantiation": "false",
    "inherits": "fdm_process_demo_common",
    "layer_height": "0.2",
    "bottom_shell_layers": "3",
    "top_shell_layers": "4",
    "bridge_flow": "1",
    "initial_layer_speed": "50",
    "initial_layer_infill_speed": "105",
    "outer_wall_speed": "200",
    "inner_wall_speed": "300",
    "sparse_infill_speed": "270",
    "internal_solid_infill_speed": "250",
    "top_surface_speed": "200",
    "gap_infill_speed": "250",
    "travel_speed": "480"
}
