{
    "type": "machine",
    "name": "fdm_demo_printer_common",
    "from": "system",
    "instantiation": "false",
    "printable_area": [
        "0x0",
        "250x0",
        "250x230",
        "0x230"
    ],
    "deretraction_speed": [
        "0"
    ],
    "machine_end_gcode": "",
	"extruder_colour": [
        "#018001"
    ],
    "extruder_offset": [
        "0x0"
    ],
    "gcode_flavor": "marlin",
    "inherits": "fdm_machine_common",
    "machine_max_acceleration_e": [
        "5000",
        "5000"
    ],
    "machine_max_acceleration_extruding": [
        "20000",
        "20000"
    ],
    "machine_max_acceleration_retracting": [
        "5000",
        "5000"
    ],
    "machine_max_acceleration_travel": [
        "9000",
        "9000"
    ],
    "machine_max_acceleration_x": [
        "20000",
        "20000"
    ],
    "machine_max_acceleration_y": [
        "20000",
        "20000"
    ],
    "machine_max_acceleration_z": [
        "500",
        "200"
    ],
    "machine_max_speed_e": [
        "25",
        "25"
    ],
    "machine_max_speed_x": [
        "500",
        "200"
    ],
    "machine_max_speed_y": [
        "500",
        "200"
    ],
    "machine_max_speed_z": [
        "12",
        "12"
    ],
    "machine_max_jerk_e": [
        "2.5",
        "2.5"
    ],
    "machine_max_jerk_x": [
        "9",
        "9"
    ],
    "machine_max_jerk_y": [
        "9",
        "9"
    ],
    "machine_max_jerk_z": [
        "0.2",
        "0.4"
    ],
    "machine_min_extruding_rate": [
        "0",
        "0"
    ],
    "machine_min_travel_rate": [
        "0",
        "0"
    ],
    "max_layer_height": [
        "0.28"
    ],
    "min_layer_height": [
        "0.08"
    ],
    "printable_height": "250",
    "extruder_clearance_radius": "65",
    "extruder_clearance_height_to_rod": "36",
    "extruder_clearance_height_to_lid": "140",
    "nozzle_diameter": [
        "0.4"
    ],
    "printer_settings_id": "",
    "printer_technology": "FFF",
    "printer_variant": "0.4",
    "retraction_minimum_travel": [
        "1"
    ],
    "retract_before_wipe": [
        "70%"
    ],
    "retract_when_changing_layer": [
        "1"
    ],
    "retraction_length": [
        "0.8"
    ],
    "retract_length_toolchange": [
        "2"
    ],
    "z_hop": [
        "0.4"
    ],
    "retract_restart_extra": [
        "0"
    ],
    "retract_restart_extra_toolchange": [
        "0"
    ],
    "retraction_speed": [
        "30"
    ],
    "deretraction_speed": [
        "30"
    ],
    "silent_mode": "0",
    "single_extruder_multi_material": "1",
    "change_filament_gcode": "",
	"layer_change_gcode": "",
	"machine_pause_gcode": "",
    "wipe": [
        "1"
    ]
}
